Episode,Reward
0,-200.0
1,-200.0
2,-200.0
3,-200.0
4,-200.0
5,-200.0
6,-200.0
7,-200.0
8,-200.0
9,-200.0
10,-200.0
11,-200.0
12,-200.0
13,-200.0
14,-200.0
15,-200.0
16,-200.0
17,-200.0
18,-200.0
19,-200.0
20,-200.0
21,-200.0
22,-200.0
23,-200.0
24,-200.0
25,-200.0
26,-200.0
27,-200.0
28,-200.0
29,-200.0
30,-200.0
31,-200.0
32,-200.0
33,-200.0
34,-200.0
35,-200.0
36,-200.0
37,-200.0
38,-200.0
39,-200.0
40,-200.0
41,-200.0
42,-200.0
43,-200.0
44,-200.0
45,-200.0
46,-200.0
47,-200.0
48,-200.0
49,-200.0
50,-200.0
51,-200.0
52,-200.0
53,-200.0
54,-200.0
55,-200.0
56,-200.0
57,-200.0
58,-200.0
59,-200.0
60,-200.0
61,-200.0
62,-200.0
63,-200.0
64,-200.0
65,-200.0
66,-200.0
67,-200.0
68,-200.0
69,-200.0
70,-200.0
71,-200.0
72,-200.0
73,-200.0
74,-200.0
75,-200.0
76,-200.0
77,-200.0
78,-200.0
79,-200.0
80,-200.0
81,-200.0
82,-200.0
83,-200.0
84,-200.0
85,-200.0
86,-200.0
87,-200.0
88,-200.0
89,-200.0
90,-200.0
91,-200.0
92,-200.0
93,-200.0
94,-200.0
95,-200.0
96,-200.0
97,-200.0
98,-200.0
99,-200.0
100,-200.0
101,-200.0
102,-200.0
103,-200.0
104,-200.0
105,-200.0
106,-200.0
107,-200.0
108,-200.0
109,-200.0
110,-200.0
111,-200.0
112,-200.0
113,-200.0
114,-200.0
115,-200.0
116,-200.0
117,-200.0
118,-200.0
119,-200.0
120,-200.0
121,-200.0
122,-200.0
123,-200.0
124,-200.0
125,-200.0
126,-200.0
127,-200.0
128,-200.0
129,-200.0
130,-200.0
131,-200.0
132,-200.0
133,-200.0
134,-200.0
135,-200.0
136,-200.0
137,-200.0
138,-200.0
139,-200.0
140,-200.0
141,-200.0
142,-200.0
143,-200.0
144,-200.0
145,-200.0
146,-200.0
147,-192.0
148,-200.0
149,-200.0
150,-200.0
151,-200.0
152,-195.0
153,-200.0
154,-200.0
155,-200.0
156,-200.0
157,-200.0
158,-200.0
159,-200.0
160,-200.0
161,-199.0
162,-200.0
163,-200.0
164,-188.0
165,-200.0
166,-200.0
167,-193.0
168,-200.0
169,-200.0
170,-200.0
171,-173.0
172,-200.0
173,-200.0
174,-162.0
175,-200.0
176,-200.0
177,-200.0
178,-192.0
179,-200.0
180,-200.0
181,-200.0
182,-188.0
183,-200.0
184,-200.0
185,-200.0
186,-200.0
187,-200.0
188,-163.0
189,-200.0
190,-200.0
191,-200.0
192,-200.0
193,-200.0
194,-200.0
195,-200.0
196,-200.0
197,-186.0
198,-200.0
199,-200.0
200,-200.0
201,-200.0
202,-200.0
203,-176.0
204,-200.0
205,-200.0
206,-147.0
207,-200.0
208,-200.0
209,-200.0
210,-200.0
211,-158.0
212,-185.0
213,-174.0
214,-200.0
215,-200.0
216,-200.0
217,-182.0
218,-200.0
219,-200.0
220,-200.0
221,-200.0
222,-197.0
223,-200.0
224,-189.0
225,-149.0
226,-200.0
227,-200.0
228,-200.0
229,-192.0
230,-200.0
231,-200.0
232,-200.0
233,-147.0
234,-200.0
235,-200.0
236,-175.0
237,-200.0
238,-200.0
239,-189.0
240,-200.0
241,-200.0
242,-154.0
243,-200.0
244,-190.0
245,-200.0
246,-150.0
247,-200.0
248,-200.0
249,-185.0
250,-151.0
251,-148.0
252,-200.0
253,-138.0
254,-200.0
255,-200.0
256,-200.0
257,-156.0
258,-200.0
259,-200.0
260,-200.0
261,-200.0
262,-176.0
263,-146.0
264,-150.0
265,-200.0
266,-161.0
267,-200.0
268,-150.0
269,-176.0
270,-152.0
271,-184.0
272,-158.0
273,-200.0
274,-143.0
275,-200.0
276,-175.0
277,-149.0
278,-181.0
279,-153.0
280,-146.0
281,-200.0
282,-200.0
283,-111.0
284,-176.0
285,-175.0
286,-200.0
287,-145.0
288,-200.0
289,-164.0
290,-183.0
291,-188.0
292,-161.0
293,-150.0
294,-144.0
295,-173.0
296,-143.0
297,-200.0
298,-193.0
299,-200.0
300,-146.0
301,-200.0
302,-171.0
303,-200.0
304,-190.0
305,-161.0
306,-146.0
307,-177.0
308,-137.0
309,-200.0
310,-189.0
311,-125.0
312,-146.0
313,-149.0
314,-155.0
315,-141.0
316,-146.0
317,-144.0
318,-117.0
319,-146.0
320,-128.0
321,-146.0
322,-140.0
323,-142.0
324,-189.0
325,-124.0
326,-118.0
327,-145.0
328,-144.0
329,-146.0
330,-183.0
331,-138.0
332,-115.0
333,-174.0
334,-142.0
335,-150.0
336,-147.0
337,-187.0
338,-191.0
339,-149.0
340,-186.0
341,-149.0
342,-141.0
343,-148.0
344,-153.0
345,-189.0
346,-134.0
347,-159.0
348,-117.0
349,-145.0
350,-116.0
351,-112.0
352,-152.0
353,-159.0
354,-120.0
355,-119.0
356,-135.0
357,-146.0
358,-154.0
359,-165.0
360,-168.0
361,-117.0
362,-128.0
363,-146.0
364,-126.0
365,-115.0
366,-183.0
367,-145.0
368,-113.0
369,-151.0
370,-147.0
371,-157.0
372,-115.0
373,-149.0
374,-147.0
375,-164.0
376,-190.0
377,-133.0
378,-157.0
379,-116.0
380,-92.0
381,-155.0
382,-120.0
383,-123.0
384,-116.0
385,-115.0
386,-151.0
387,-166.0
388,-140.0
389,-97.0
390,-117.0
391,-153.0
392,-144.0
393,-117.0
394,-122.0
395,-160.0
396,-148.0
397,-112.0
398,-156.0
399,-112.0
400,-109.0
401,-114.0
402,-118.0
403,-132.0
404,-130.0
405,-118.0
406,-150.0
407,-88.0
408,-102.0
409,-88.0
410,-184.0
411,-110.0
412,-144.0
413,-142.0
414,-162.0
415,-157.0
416,-150.0
417,-145.0
418,-150.0
419,-119.0
420,-152.0
421,-169.0
422,-134.0
423,-155.0
424,-146.0
425,-156.0
426,-148.0
427,-155.0
428,-162.0
429,-150.0
430,-142.0
431,-117.0
432,-105.0
433,-92.0
434,-144.0
435,-149.0
436,-103.0
437,-147.0
438,-156.0
439,-120.0
440,-146.0
441,-181.0
442,-147.0
443,-101.0
444,-158.0
445,-150.0
446,-143.0
447,-91.0
448,-176.0
449,-92.0
450,-165.0
451,-117.0
452,-87.0
453,-163.0
454,-149.0
455,-152.0
456,-145.0
457,-152.0
458,-151.0
459,-146.0
460,-143.0
461,-119.0
462,-94.0
463,-143.0
464,-151.0
465,-158.0
466,-161.0
467,-173.0
468,-143.0
469,-148.0
470,-147.0
471,-149.0
472,-145.0
473,-149.0
474,-160.0
475,-147.0
476,-149.0
477,-144.0
478,-152.0
479,-140.0
480,-146.0
481,-172.0
482,-158.0
483,-150.0
484,-142.0
485,-116.0
486,-98.0
487,-149.0
488,-151.0
489,-152.0
490,-151.0
491,-120.0
492,-154.0
493,-93.0
494,-115.0
495,-159.0
496,-152.0
497,-178.0
498,-96.0
499,-109.0
500,-110.0
501,-162.0
502,-122.0
503,-119.0
504,-161.0
505,-121.0
506,-145.0
507,-120.0
508,-115.0
509,-119.0
510,-147.0
511,-109.0
512,-108.0
513,-112.0
514,-152.0
515,-158.0
516,-160.0
517,-119.0
518,-154.0
519,-154.0
520,-170.0
521,-184.0
522,-151.0
523,-122.0
524,-157.0
525,-114.0
526,-87.0
527,-116.0
528,-115.0
529,-159.0
530,-121.0
531,-181.0
532,-160.0
533,-154.0
534,-170.0
535,-156.0
536,-163.0
537,-105.0
538,-182.0
539,-159.0
540,-149.0
541,-113.0
542,-116.0
543,-116.0
544,-158.0
545,-105.0
546,-155.0
547,-157.0
548,-148.0
549,-100.0
550,-178.0
551,-159.0
552,-143.0
553,-149.0
554,-161.0
555,-150.0
556,-151.0
557,-168.0
558,-159.0
559,-138.0
560,-154.0
561,-113.0
562,-150.0
563,-157.0
564,-147.0
565,-149.0
566,-140.0
567,-148.0
568,-148.0
569,-147.0
570,-167.0
571,-140.0
572,-142.0
573,-156.0
574,-142.0
575,-150.0
576,-147.0
577,-152.0
578,-154.0
579,-147.0
580,-128.0
581,-138.0
582,-145.0
583,-142.0
584,-90.0
585,-152.0
586,-142.0
587,-144.0
588,-144.0
589,-157.0
590,-143.0
591,-86.0
592,-139.0
593,-146.0
594,-108.0
595,-145.0
596,-95.0
597,-87.0
598,-156.0
599,-142.0
600,-156.0
601,-138.0
602,-149.0
603,-138.0
604,-143.0
605,-149.0
606,-141.0
607,-153.0
608,-144.0
609,-107.0
610,-148.0
611,-135.0
612,-142.0
613,-137.0
614,-155.0
615,-151.0
616,-156.0
617,-151.0
618,-147.0
619,-140.0
620,-85.0
621,-140.0
622,-95.0
623,-149.0
624,-144.0
625,-156.0
626,-89.0
627,-101.0
628,-151.0
629,-144.0
630,-141.0
631,-137.0
632,-148.0
633,-96.0
634,-149.0
635,-150.0
636,-121.0
637,-150.0
638,-143.0
639,-144.0
640,-162.0
641,-175.0
642,-135.0
643,-158.0
644,-138.0
645,-145.0
646,-163.0
647,-153.0
648,-143.0
649,-93.0
650,-140.0
651,-146.0
652,-143.0
653,-143.0
654,-138.0
655,-145.0
656,-141.0
657,-153.0
658,-146.0
659,-150.0
660,-149.0
661,-142.0
662,-139.0
663,-92.0
664,-138.0
665,-164.0
666,-154.0
667,-141.0
668,-139.0
669,-149.0
670,-131.0
671,-146.0
672,-153.0
673,-141.0
674,-144.0
675,-143.0
676,-84.0
677,-140.0
678,-159.0
679,-112.0
680,-144.0
681,-145.0
682,-153.0
683,-152.0
684,-146.0
685,-156.0
686,-142.0
687,-140.0
688,-137.0
689,-139.0
690,-109.0
691,-149.0
692,-148.0
693,-135.0
694,-148.0
695,-139.0
696,-137.0
697,-134.0
698,-111.0
699,-88.0
700,-143.0
701,-139.0
702,-104.0
703,-100.0
704,-133.0
705,-147.0
706,-147.0
707,-142.0
708,-140.0
709,-138.0
710,-152.0
711,-145.0
712,-150.0
713,-146.0
714,-143.0
715,-137.0
716,-136.0
717,-139.0
718,-137.0
719,-157.0
720,-137.0
721,-155.0
722,-138.0
723,-145.0
724,-136.0
725,-102.0
726,-138.0
727,-133.0
728,-139.0
729,-148.0
730,-137.0
731,-138.0
732,-158.0
733,-142.0
734,-144.0
735,-139.0
736,-143.0
737,-90.0
738,-141.0
739,-137.0
740,-88.0
741,-170.0
742,-138.0
743,-140.0
744,-91.0
745,-160.0
746,-191.0
747,-142.0
748,-140.0
749,-155.0
750,-142.0
751,-147.0
752,-197.0
753,-138.0
754,-152.0
755,-148.0
756,-143.0
757,-144.0
758,-93.0
759,-138.0
760,-150.0
761,-146.0
762,-144.0
763,-148.0
764,-158.0
765,-148.0
766,-151.0
767,-158.0
768,-155.0
769,-84.0
770,-118.0
771,-148.0
772,-140.0
773,-144.0
774,-108.0
775,-143.0
776,-152.0
777,-142.0
778,-154.0
779,-147.0
780,-94.0
781,-144.0
782,-160.0
783,-152.0
784,-105.0
785,-94.0
786,-148.0
787,-93.0
788,-88.0
789,-148.0
790,-200.0
791,-101.0
792,-168.0
793,-101.0
794,-152.0
795,-141.0
796,-88.0
797,-108.0
798,-147.0
799,-96.0
800,-147.0
801,-100.0
802,-149.0
803,-149.0
804,-145.0
805,-146.0
806,-153.0
807,-148.0
808,-159.0
809,-86.0
810,-148.0
811,-149.0
812,-154.0
813,-87.0
814,-145.0
815,-146.0
816,-149.0
817,-149.0
818,-149.0
819,-110.0
820,-149.0
821,-141.0
822,-148.0
823,-102.0
824,-150.0
825,-86.0
826,-147.0
827,-127.0
828,-158.0
829,-150.0
830,-144.0
831,-94.0
832,-179.0
833,-143.0
834,-142.0
835,-153.0
836,-141.0
837,-143.0
838,-141.0
839,-140.0
840,-142.0
841,-148.0
842,-145.0
843,-142.0
844,-146.0
845,-150.0
846,-143.0
847,-143.0
848,-144.0
849,-89.0
850,-144.0
851,-142.0
852,-143.0
853,-148.0
854,-90.0
855,-148.0
856,-91.0
857,-91.0
858,-170.0
859,-151.0
860,-162.0
861,-148.0
862,-144.0
863,-141.0
864,-143.0
865,-141.0
866,-138.0
867,-173.0
868,-144.0
869,-139.0
870,-144.0
871,-141.0
872,-142.0
873,-99.0
874,-118.0
875,-143.0
876,-143.0
877,-140.0
878,-141.0
879,-136.0
880,-185.0
881,-140.0
882,-141.0
883,-139.0
884,-143.0
885,-143.0
886,-141.0
887,-139.0
888,-142.0
889,-142.0
890,-139.0
891,-144.0
892,-138.0
893,-137.0
894,-142.0
895,-142.0
896,-138.0
897,-141.0
898,-143.0
899,-138.0
900,-136.0
901,-137.0
902,-136.0
903,-139.0
904,-136.0
905,-136.0
906,-143.0
907,-142.0
908,-139.0
909,-134.0
910,-138.0
911,-145.0
912,-142.0
913,-138.0
914,-140.0
915,-139.0
916,-143.0
917,-137.0
918,-138.0
919,-144.0
920,-138.0
921,-137.0
922,-135.0
923,-140.0
924,-141.0
925,-136.0
926,-141.0
927,-90.0
928,-135.0
929,-138.0
930,-91.0
931,-142.0
932,-135.0
933,-132.0
934,-138.0
935,-137.0
936,-135.0
937,-137.0
938,-141.0
939,-140.0
940,-146.0
941,-143.0
942,-139.0
943,-141.0
944,-139.0
945,-137.0
946,-141.0
947,-141.0
948,-138.0
949,-143.0
950,-142.0
951,-145.0
952,-137.0
953,-133.0
954,-143.0
955,-133.0
956,-137.0
957,-150.0
958,-131.0
959,-143.0
960,-139.0
961,-137.0
962,-135.0
963,-137.0
964,-137.0
965,-139.0
966,-143.0
967,-139.0
968,-200.0
969,-138.0
970,-132.0
971,-137.0
972,-144.0
973,-136.0
974,-135.0
975,-136.0
976,-136.0
977,-142.0
978,-131.0
979,-132.0
980,-136.0
981,-143.0
982,-144.0
983,-131.0
984,-133.0
985,-131.0
986,-136.0
987,-138.0
988,-138.0
989,-147.0
990,-131.0
991,-142.0
992,-184.0
993,-137.0
994,-134.0
995,-131.0
996,-134.0
997,-138.0
998,-136.0
999,-131.0
1000,-147.0
1001,-132.0
1002,-152.0
1003,-136.0
1004,-142.0
1005,-142.0
1006,-140.0
1007,-140.0
1008,-142.0
1009,-136.0
1010,-151.0
1011,-130.0
1012,-135.0
1013,-143.0
1014,-139.0
1015,-140.0
1016,-140.0
1017,-141.0
1018,-141.0
1019,-147.0
1020,-140.0
1021,-143.0
1022,-137.0
1023,-144.0
1024,-146.0
1025,-146.0
1026,-147.0
1027,-145.0
1028,-148.0
1029,-143.0
1030,-159.0
1031,-131.0
1032,-147.0
1033,-149.0
1034,-150.0
1035,-151.0
1036,-142.0
1037,-109.0
1038,-147.0
1039,-146.0
1040,-143.0
1041,-143.0
1042,-140.0
1043,-143.0
1044,-145.0
1045,-141.0
1046,-158.0
1047,-111.0
1048,-144.0
1049,-147.0
1050,-145.0
1051,-135.0
1052,-142.0
1053,-146.0
1054,-149.0
1055,-148.0
1056,-91.0
1057,-147.0
1058,-144.0
1059,-142.0
1060,-144.0
1061,-142.0
1062,-152.0
1063,-147.0
1064,-96.0
1065,-143.0
1066,-150.0
1067,-152.0
1068,-154.0
1069,-147.0
1070,-149.0
1071,-137.0
1072,-89.0
1073,-148.0
1074,-149.0
1075,-144.0
1076,-145.0
1077,-97.0
1078,-146.0
1079,-141.0
1080,-101.0
1081,-135.0
1082,-147.0
1083,-146.0
1084,-144.0
1085,-157.0
1086,-147.0
1087,-155.0
1088,-145.0
1089,-93.0
1090,-149.0
1091,-146.0
1092,-142.0
1093,-147.0
1094,-145.0
1095,-146.0
1096,-160.0
1097,-150.0
1098,-146.0
1099,-94.0
1100,-148.0
1101,-143.0
1102,-147.0
1103,-146.0
1104,-149.0
1105,-143.0
1106,-146.0
1107,-89.0
1108,-100.0
1109,-148.0
1110,-94.0
1111,-148.0
1112,-148.0
1113,-146.0
1114,-141.0
1115,-156.0
1116,-142.0
1117,-161.0
1118,-146.0
1119,-148.0
1120,-139.0
1121,-198.0
1122,-146.0
1123,-148.0
1124,-148.0
1125,-146.0
1126,-157.0
1127,-149.0
1128,-88.0
1129,-93.0
1130,-146.0
1131,-149.0
1132,-147.0
1133,-129.0
1134,-158.0
1135,-145.0
1136,-146.0
1137,-152.0
1138,-155.0
1139,-87.0
1140,-100.0
1141,-154.0
1142,-150.0
1143,-145.0
1144,-146.0
1145,-92.0
1146,-152.0
1147,-150.0
1148,-90.0
1149,-147.0
1150,-200.0
1151,-173.0
1152,-149.0
1153,-148.0
1154,-152.0
1155,-200.0
1156,-150.0
1157,-200.0
1158,-93.0
1159,-151.0
1160,-150.0
1161,-200.0
1162,-146.0
1163,-156.0
1164,-90.0
1165,-161.0
1166,-150.0
1167,-146.0
1168,-156.0
1169,-200.0
1170,-148.0
1171,-150.0
1172,-200.0
1173,-200.0
1174,-200.0
1175,-148.0
1176,-148.0
1177,-144.0
1178,-147.0
1179,-142.0
1180,-90.0
1181,-141.0
1182,-152.0
1183,-148.0
1184,-148.0
1185,-148.0
1186,-151.0
1187,-151.0
1188,-154.0
1189,-92.0
1190,-153.0
1191,-150.0
1192,-144.0
1193,-157.0
1194,-144.0
1195,-153.0
1196,-148.0
1197,-145.0
1198,-88.0
1199,-147.0
1200,-151.0
1201,-162.0
1202,-146.0
1203,-147.0
1204,-140.0
1205,-149.0
1206,-152.0
1207,-88.0
1208,-176.0
1209,-152.0
1210,-148.0
1211,-142.0
1212,-145.0
1213,-141.0
1214,-145.0
1215,-153.0
1216,-143.0
1217,-144.0
1218,-150.0
1219,-148.0
1220,-99.0
1221,-148.0
1222,-156.0
1223,-145.0
1224,-150.0
1225,-88.0
1226,-98.0
1227,-136.0
1228,-141.0
1229,-101.0
1230,-150.0
1231,-150.0
1232,-151.0
1233,-86.0
1234,-151.0
1235,-154.0
1236,-91.0
1237,-92.0
1238,-149.0
1239,-153.0
1240,-110.0
1241,-148.0
1242,-154.0
1243,-145.0
1244,-149.0
1245,-154.0
1246,-151.0
1247,-152.0
1248,-156.0
1249,-154.0
1250,-152.0
1251,-200.0
1252,-89.0
1253,-200.0
1254,-200.0
1255,-200.0
1256,-153.0
1257,-150.0
1258,-151.0
1259,-150.0
1260,-149.0
1261,-153.0
1262,-152.0
1263,-200.0
1264,-97.0
1265,-149.0
1266,-151.0
1267,-150.0
1268,-150.0
1269,-147.0
1270,-146.0
1271,-149.0
1272,-147.0
1273,-147.0
1274,-149.0
1275,-155.0
1276,-144.0
1277,-147.0
1278,-150.0
1279,-149.0
1280,-146.0
1281,-147.0
1282,-150.0
1283,-147.0
1284,-153.0
1285,-145.0
1286,-148.0
1287,-163.0
1288,-150.0
1289,-145.0
1290,-147.0
1291,-145.0
1292,-150.0
1293,-142.0
1294,-146.0
1295,-147.0
1296,-140.0
1297,-145.0
1298,-158.0
1299,-147.0
1300,-141.0
1301,-163.0
1302,-153.0
1303,-157.0
1304,-147.0
1305,-138.0
1306,-149.0
1307,-138.0
1308,-139.0
1309,-200.0
1310,-143.0
1311,-154.0
1312,-138.0
1313,-141.0
1314,-152.0
1315,-141.0
1316,-167.0
1317,-141.0
1318,-141.0
1319,-147.0
1320,-140.0
1321,-137.0
1322,-175.0
1323,-141.0
1324,-156.0
1325,-138.0
1326,-146.0
1327,-141.0
1328,-136.0
1329,-145.0
1330,-143.0
1331,-143.0
1332,-146.0
1333,-138.0
1334,-139.0
1335,-138.0
1336,-140.0
1337,-141.0
1338,-138.0
1339,-143.0
1340,-144.0
1341,-138.0
1342,-143.0
1343,-137.0
1344,-137.0
1345,-139.0
1346,-146.0
1347,-153.0
1348,-137.0
1349,-148.0
1350,-150.0
1351,-136.0
1352,-140.0
1353,-139.0
1354,-139.0
1355,-137.0
1356,-138.0
1357,-139.0
1358,-143.0
1359,-140.0
1360,-143.0
1361,-138.0
1362,-142.0
1363,-136.0
1364,-140.0
1365,-142.0
1366,-142.0
1367,-142.0
1368,-142.0
1369,-140.0
1370,-141.0
1371,-141.0
1372,-145.0
1373,-142.0
1374,-148.0
1375,-144.0
1376,-138.0
1377,-142.0
1378,-142.0
1379,-145.0
1380,-151.0
1381,-138.0
1382,-142.0
1383,-143.0
1384,-145.0
1385,-141.0
1386,-142.0
1387,-140.0
1388,-144.0
1389,-141.0
1390,-152.0
1391,-142.0
1392,-146.0
1393,-143.0
1394,-145.0
1395,-141.0
1396,-151.0
1397,-143.0
1398,-156.0
1399,-141.0
1400,-144.0
1401,-139.0
1402,-144.0
1403,-145.0
1404,-143.0
1405,-147.0
1406,-141.0
1407,-146.0
1408,-111.0
1409,-110.0
1410,-110.0
1411,-142.0
1412,-145.0
1413,-143.0
1414,-112.0
1415,-200.0
1416,-142.0
1417,-143.0
1418,-143.0
1419,-145.0
1420,-141.0
1421,-142.0
1422,-112.0
1423,-115.0
1424,-124.0
1425,-142.0
1426,-112.0
1427,-109.0
1428,-110.0
1429,-143.0
1430,-139.0
1431,-139.0
1432,-112.0
1433,-144.0
1434,-110.0
1435,-109.0
1436,-110.0
1437,-141.0
1438,-108.0
1439,-170.0
1440,-110.0
1441,-170.0
1442,-108.0
1443,-139.0
1444,-108.0
1445,-125.0
1446,-113.0
1447,-111.0
1448,-109.0
1449,-163.0
1450,-108.0
1451,-111.0
1452,-125.0
1453,-122.0
1454,-174.0
1455,-120.0
1456,-110.0
1457,-141.0
1458,-119.0
1459,-102.0
1460,-197.0
1461,-123.0
1462,-142.0
1463,-114.0
1464,-139.0
1465,-142.0
1466,-144.0
1467,-109.0
1468,-143.0
1469,-118.0
1470,-146.0
1471,-167.0
1472,-200.0
1473,-142.0
1474,-123.0
1475,-140.0
1476,-160.0
1477,-107.0
1478,-146.0
1479,-120.0
1480,-158.0
1481,-143.0
1482,-109.0
1483,-101.0
1484,-108.0
1485,-109.0
1486,-173.0
1487,-92.0
1488,-149.0
1489,-159.0
1490,-169.0
1491,-106.0
1492,-106.0
1493,-106.0
1494,-94.0
1495,-169.0
1496,-121.0
1497,-147.0
1498,-115.0
1499,-107.0
1500,-105.0
1501,-107.0
1502,-121.0
1503,-142.0
1504,-156.0
1505,-151.0
1506,-105.0
1507,-107.0
1508,-106.0
1509,-149.0
1510,-147.0
1511,-146.0
1512,-152.0
1513,-169.0
1514,-117.0
1515,-199.0
1516,-148.0
1517,-142.0
1518,-150.0
1519,-110.0
1520,-146.0
1521,-142.0
1522,-109.0
1523,-142.0
1524,-106.0
1525,-105.0
1526,-145.0
1527,-108.0
1528,-143.0
1529,-109.0
1530,-105.0
1531,-107.0
1532,-145.0
1533,-140.0
1534,-136.0
1535,-111.0
1536,-140.0
1537,-141.0
1538,-105.0
1539,-105.0
1540,-143.0
1541,-111.0
1542,-161.0
1543,-105.0
1544,-138.0
1545,-139.0
1546,-144.0
1547,-99.0
1548,-138.0
1549,-104.0
1550,-105.0
1551,-107.0
1552,-139.0
1553,-92.0
1554,-142.0
1555,-86.0
1556,-142.0
1557,-141.0
1558,-143.0
1559,-112.0
1560,-142.0
1561,-192.0
1562,-141.0
1563,-144.0
1564,-139.0
1565,-141.0
1566,-139.0
1567,-135.0
1568,-115.0
1569,-141.0
1570,-145.0
1571,-143.0
1572,-140.0
1573,-142.0
1574,-138.0
1575,-139.0
1576,-139.0
1577,-137.0
1578,-147.0
1579,-105.0
1580,-111.0
1581,-176.0
1582,-140.0
1583,-138.0
1584,-141.0
1585,-139.0
1586,-139.0
1587,-139.0
1588,-142.0
1589,-134.0
1590,-140.0
1591,-160.0
1592,-138.0
1593,-189.0
1594,-139.0
1595,-142.0
1596,-139.0
1597,-138.0
1598,-138.0
1599,-108.0
1600,-138.0
1601,-168.0
1602,-137.0
1603,-140.0
1604,-109.0
1605,-138.0
1606,-115.0
1607,-118.0
1608,-140.0
1609,-138.0
1610,-141.0
1611,-144.0
1612,-144.0
1613,-140.0
1614,-144.0
1615,-138.0
1616,-116.0
1617,-140.0
1618,-150.0
1619,-113.0
1620,-149.0
1621,-164.0
1622,-143.0
1623,-114.0
1624,-123.0
1625,-151.0
1626,-141.0
1627,-143.0
1628,-144.0
1629,-143.0
1630,-141.0
1631,-144.0
1632,-148.0
1633,-171.0
1634,-143.0
1635,-143.0
1636,-140.0
1637,-129.0
1638,-158.0
1639,-185.0
1640,-140.0
1641,-143.0
1642,-147.0
1643,-144.0
1644,-151.0
1645,-137.0
1646,-146.0
1647,-169.0
1648,-149.0
1649,-135.0
1650,-140.0
1651,-148.0
1652,-200.0
1653,-149.0
1654,-157.0
1655,-148.0
1656,-141.0
1657,-145.0
1658,-147.0
1659,-132.0
1660,-139.0
1661,-146.0
1662,-145.0
1663,-146.0
1664,-143.0
1665,-148.0
1666,-148.0
1667,-159.0
1668,-147.0
1669,-142.0
1670,-145.0
1671,-145.0
1672,-144.0
1673,-145.0
1674,-148.0
1675,-139.0
1676,-139.0
1677,-150.0
1678,-151.0
1679,-142.0
1680,-150.0
1681,-151.0
1682,-152.0
1683,-139.0
1684,-100.0
1685,-145.0
1686,-149.0
1687,-142.0
1688,-146.0
1689,-148.0
1690,-144.0
1691,-133.0
1692,-150.0
1693,-141.0
1694,-141.0
1695,-146.0
1696,-154.0
1697,-141.0
1698,-126.0
1699,-143.0
1700,-143.0
1701,-116.0
1702,-102.0
1703,-121.0
1704,-144.0
1705,-98.0
1706,-145.0
1707,-145.0
1708,-146.0
1709,-140.0
1710,-140.0
1711,-169.0
1712,-189.0
1713,-108.0
1714,-109.0
1715,-85.0
1716,-197.0
1717,-147.0
1718,-109.0
1719,-112.0
1720,-88.0
1721,-110.0
1722,-153.0
1723,-140.0
1724,-109.0
1725,-111.0
1726,-147.0
1727,-111.0
1728,-146.0
1729,-89.0
1730,-110.0
1731,-152.0
1732,-143.0
1733,-93.0
1734,-113.0
1735,-105.0
1736,-161.0
1737,-163.0
1738,-148.0
1739,-128.0
1740,-150.0
1741,-172.0
1742,-106.0
1743,-105.0
1744,-170.0
1745,-147.0
1746,-98.0
1747,-95.0
1748,-93.0
1749,-152.0
1750,-144.0
1751,-154.0
1752,-109.0
1753,-154.0
1754,-96.0
1755,-189.0
1756,-148.0
1757,-152.0
1758,-149.0
1759,-89.0
1760,-85.0
1761,-157.0
1762,-150.0
1763,-153.0
1764,-157.0
1765,-181.0
1766,-88.0
1767,-148.0
1768,-84.0
1769,-155.0
1770,-91.0
1771,-104.0
1772,-153.0
1773,-93.0
1774,-150.0
1775,-111.0
1776,-158.0
1777,-150.0
1778,-101.0
1779,-149.0
1780,-95.0
1781,-159.0
1782,-154.0
1783,-94.0
1784,-100.0
1785,-152.0
1786,-157.0
1787,-86.0
1788,-152.0
1789,-168.0
1790,-85.0
1791,-110.0
1792,-152.0
1793,-113.0
1794,-154.0
1795,-200.0
1796,-89.0
1797,-157.0
1798,-154.0
1799,-200.0
1800,-147.0
1801,-118.0
1802,-87.0
1803,-105.0
1804,-118.0
1805,-90.0
1806,-114.0
1807,-200.0
1808,-111.0
1809,-155.0
1810,-113.0
1811,-155.0
1812,-115.0
1813,-155.0
1814,-114.0
1815,-156.0
1816,-153.0
1817,-111.0
1818,-106.0
1819,-113.0
1820,-110.0
1821,-98.0
1822,-178.0
1823,-115.0
1824,-155.0
1825,-155.0
1826,-160.0
1827,-104.0
1828,-159.0
1829,-104.0
1830,-151.0
1831,-98.0
1832,-122.0
1833,-200.0
1834,-161.0
1835,-120.0
1836,-114.0
1837,-153.0
1838,-119.0
1839,-153.0
1840,-107.0
1841,-157.0
1842,-159.0
1843,-134.0
1844,-141.0
1845,-126.0
1846,-116.0
1847,-122.0
1848,-115.0
1849,-118.0
1850,-157.0
1851,-160.0
1852,-199.0
1853,-156.0
1854,-155.0
1855,-159.0
1856,-121.0
1857,-155.0
1858,-155.0
1859,-161.0
1860,-156.0
1861,-161.0
1862,-158.0
1863,-157.0
1864,-159.0
1865,-159.0
1866,-153.0
1867,-154.0
1868,-154.0
1869,-153.0
1870,-158.0
1871,-177.0
1872,-93.0
1873,-95.0
1874,-158.0
1875,-154.0
1876,-110.0
1877,-155.0
1878,-153.0
1879,-90.0
1880,-154.0
1881,-164.0
1882,-158.0
1883,-100.0
1884,-117.0
1885,-96.0
1886,-107.0
1887,-108.0
1888,-156.0
1889,-108.0
1890,-155.0
1891,-163.0
1892,-161.0
1893,-88.0
1894,-157.0
1895,-154.0
1896,-89.0
1897,-156.0
1898,-157.0
1899,-153.0
1900,-88.0
1901,-163.0
1902,-162.0
1903,-156.0
1904,-157.0
1905,-156.0
1906,-154.0
1907,-152.0
1908,-152.0
1909,-153.0
1910,-152.0
1911,-156.0
1912,-154.0
1913,-152.0
1914,-89.0
1915,-151.0
1916,-154.0
1917,-151.0
1918,-148.0
1919,-149.0
1920,-147.0
1921,-153.0
1922,-84.0
1923,-83.0
1924,-152.0
1925,-90.0
1926,-147.0
1927,-144.0
1928,-146.0
1929,-91.0
1930,-147.0
1931,-150.0
1932,-166.0
1933,-147.0
1934,-148.0
1935,-147.0
1936,-147.0
1937,-146.0
1938,-146.0
1939,-146.0
1940,-97.0
1941,-150.0
1942,-117.0
1943,-147.0
1944,-148.0
1945,-152.0
1946,-116.0
1947,-113.0
1948,-147.0
1949,-155.0
1950,-143.0
1951,-145.0
1952,-117.0
1953,-116.0
1954,-116.0
1955,-146.0
1956,-147.0
1957,-115.0
1958,-117.0
1959,-116.0
1960,-103.0
1961,-146.0
1962,-117.0
1963,-119.0
1964,-147.0
1965,-135.0
1966,-85.0
1967,-84.0
1968,-116.0
1969,-161.0
1970,-169.0
1971,-147.0
1972,-164.0
1973,-90.0
1974,-91.0
1975,-154.0
1976,-150.0
1977,-189.0
1978,-149.0
1979,-148.0
1980,-161.0
1981,-159.0
1982,-156.0
1983,-153.0
1984,-157.0
1985,-92.0
1986,-84.0
1987,-91.0
1988,-154.0
1989,-148.0
1990,-145.0
1991,-88.0
1992,-93.0
1993,-101.0
1994,-158.0
1995,-165.0
1996,-173.0
1997,-149.0
1998,-151.0
1999,-122.0
2000,-150.0
2001,-149.0
2002,-153.0
2003,-192.0
2004,-95.0
2005,-163.0
2006,-107.0
2007,-89.0
2008,-153.0
2009,-102.0
2010,-95.0
2011,-151.0
2012,-97.0
2013,-157.0
2014,-187.0
2015,-160.0
2016,-92.0
2017,-156.0
2018,-158.0
2019,-148.0
2020,-152.0
2021,-169.0
2022,-101.0
2023,-150.0
2024,-166.0
2025,-153.0
2026,-195.0
2027,-90.0
2028,-84.0
2029,-156.0
2030,-154.0
2031,-145.0
2032,-150.0
2033,-149.0
2034,-155.0
2035,-187.0
2036,-149.0
2037,-165.0
2038,-89.0
2039,-89.0
2040,-156.0
2041,-90.0
2042,-149.0
2043,-152.0
2044,-155.0
2045,-152.0
2046,-185.0
2047,-149.0
2048,-172.0
2049,-146.0
2050,-147.0
2051,-186.0
2052,-153.0
2053,-113.0
2054,-123.0
2055,-114.0
2056,-106.0
2057,-143.0
2058,-154.0
2059,-152.0
2060,-146.0
2061,-152.0
2062,-95.0
2063,-156.0
2064,-162.0
2065,-159.0
2066,-153.0
2067,-150.0
2068,-153.0
2069,-85.0
2070,-158.0
2071,-147.0
2072,-145.0
2073,-167.0
2074,-159.0
2075,-149.0
2076,-161.0
2077,-159.0
2078,-96.0
2079,-89.0
2080,-101.0
2081,-96.0
2082,-152.0
2083,-156.0
2084,-146.0
2085,-101.0
2086,-145.0
2087,-156.0
2088,-158.0
2089,-93.0
2090,-87.0
2091,-98.0
2092,-145.0
2093,-199.0
2094,-167.0
2095,-169.0
2096,-192.0
2097,-103.0
2098,-164.0
2099,-143.0
2100,-187.0
2101,-88.0
2102,-143.0
2103,-145.0
2104,-147.0
2105,-102.0
2106,-147.0
2107,-147.0
2108,-159.0
2109,-89.0
2110,-87.0
2111,-147.0
2112,-92.0
2113,-150.0
2114,-145.0
2115,-84.0
2116,-88.0
2117,-99.0
2118,-106.0
2119,-95.0
2120,-104.0
2121,-144.0
2122,-104.0
2123,-177.0
2124,-85.0
2125,-90.0
2126,-86.0
2127,-146.0
2128,-112.0
2129,-93.0
2130,-147.0
2131,-147.0
2132,-149.0
2133,-100.0
2134,-153.0
2135,-144.0
2136,-83.0
2137,-149.0
2138,-146.0
2139,-89.0
2140,-131.0
2141,-98.0
2142,-146.0
2143,-93.0
2144,-110.0
2145,-89.0
2146,-85.0
2147,-106.0
2148,-96.0
2149,-146.0
2150,-146.0
2151,-91.0
2152,-149.0
2153,-83.0
2154,-92.0
2155,-144.0
2156,-148.0
2157,-156.0
2158,-86.0
2159,-147.0
2160,-143.0
2161,-146.0
2162,-147.0
2163,-87.0
2164,-195.0
2165,-166.0
2166,-144.0
2167,-146.0
2168,-146.0
2169,-154.0
2170,-144.0
2171,-166.0
2172,-145.0
2173,-146.0
2174,-105.0
2175,-145.0
2176,-145.0
2177,-145.0
2178,-143.0
2179,-146.0
2180,-145.0
2181,-153.0
2182,-146.0
2183,-97.0
2184,-145.0
2185,-145.0
2186,-90.0
2187,-145.0
2188,-144.0
2189,-142.0
2190,-85.0
2191,-148.0
2192,-88.0
2193,-148.0
2194,-141.0
2195,-84.0
2196,-99.0
2197,-97.0
2198,-145.0
2199,-105.0
2200,-143.0
2201,-144.0
2202,-145.0
2203,-150.0
2204,-160.0
2205,-96.0
2206,-84.0
2207,-144.0
2208,-143.0
2209,-89.0
2210,-192.0
2211,-143.0
2212,-145.0
2213,-145.0
2214,-145.0
2215,-111.0
2216,-88.0
2217,-143.0
2218,-111.0
2219,-84.0
2220,-143.0
2221,-85.0
2222,-142.0
2223,-89.0
2224,-100.0
2225,-112.0
2226,-144.0
2227,-112.0
2228,-85.0
2229,-142.0
2230,-111.0
2231,-112.0
2232,-87.0
2233,-94.0
2234,-94.0
2235,-111.0
2236,-112.0
2237,-86.0
2238,-111.0
2239,-113.0
2240,-116.0
2241,-149.0
2242,-94.0
2243,-110.0
2244,-109.0
2245,-88.0
2246,-111.0
2247,-88.0
2248,-108.0
2249,-110.0
2250,-90.0
2251,-115.0
2252,-88.0
2253,-84.0
2254,-112.0
2255,-107.0
2256,-89.0
2257,-110.0
2258,-88.0
2259,-111.0
2260,-90.0
2261,-112.0
2262,-110.0
2263,-112.0
2264,-109.0
2265,-110.0
2266,-154.0
2267,-108.0
2268,-109.0
2269,-108.0
2270,-83.0
2271,-107.0
2272,-86.0
2273,-110.0
2274,-108.0
2275,-111.0
2276,-109.0
2277,-89.0
2278,-108.0
2279,-109.0
2280,-114.0
2281,-90.0
2282,-109.0
2283,-91.0
2284,-84.0
2285,-109.0
2286,-108.0
2287,-107.0
2288,-89.0
2289,-108.0
2290,-109.0
2291,-97.0
2292,-89.0
2293,-109.0
2294,-108.0
2295,-107.0
2296,-107.0
2297,-110.0
2298,-97.0
2299,-90.0
2300,-88.0
2301,-85.0
2302,-98.0
2303,-86.0
2304,-108.0
2305,-98.0
2306,-109.0
2307,-97.0
2308,-108.0
2309,-109.0
2310,-107.0
2311,-88.0
2312,-107.0
2313,-110.0
2314,-110.0
2315,-110.0
2316,-88.0
2317,-111.0
2318,-86.0
2319,-110.0
2320,-91.0
2321,-112.0
2322,-113.0
2323,-113.0
2324,-109.0
2325,-109.0
2326,-111.0
2327,-111.0
2328,-108.0
2329,-111.0
2330,-110.0
2331,-113.0
2332,-113.0
2333,-109.0
2334,-112.0
2335,-113.0
2336,-114.0
2337,-112.0
2338,-110.0
2339,-113.0
2340,-110.0
2341,-115.0
2342,-111.0
2343,-114.0
2344,-116.0
2345,-89.0
2346,-112.0
2347,-109.0
2348,-93.0
2349,-113.0
2350,-108.0
2351,-113.0
2352,-112.0
2353,-114.0
2354,-110.0
2355,-112.0
2356,-95.0
2357,-111.0
2358,-111.0
2359,-111.0
2360,-106.0
2361,-114.0
2362,-111.0
2363,-110.0
2364,-110.0
2365,-110.0
2366,-112.0
2367,-92.0
2368,-111.0
2369,-108.0
2370,-113.0
2371,-111.0
2372,-112.0
2373,-109.0
2374,-108.0
2375,-112.0
2376,-117.0
2377,-109.0
2378,-108.0
2379,-113.0
2380,-102.0
2381,-114.0
2382,-111.0
2383,-91.0
2384,-85.0
2385,-192.0
2386,-108.0
2387,-104.0
2388,-103.0
2389,-95.0
2390,-107.0
2391,-86.0
2392,-110.0
2393,-108.0
2394,-100.0
2395,-100.0
2396,-107.0
2397,-107.0
2398,-89.0
2399,-105.0
2400,-102.0
2401,-108.0
2402,-104.0
2403,-106.0
2404,-100.0
2405,-101.0
2406,-85.0
2407,-108.0
2408,-106.0
2409,-84.0
2410,-103.0
2411,-108.0
2412,-108.0
2413,-86.0
2414,-106.0
2415,-92.0
2416,-102.0
2417,-106.0
2418,-102.0
2419,-105.0
2420,-105.0
2421,-109.0
2422,-107.0
2423,-85.0
2424,-107.0
2425,-103.0
2426,-86.0
2427,-91.0
2428,-106.0
2429,-96.0
2430,-93.0
2431,-85.0
2432,-95.0
2433,-115.0
2434,-118.0
2435,-94.0
2436,-106.0
2437,-117.0
2438,-83.0
2439,-103.0
2440,-101.0
2441,-114.0
2442,-106.0
2443,-115.0
2444,-89.0
2445,-105.0
2446,-104.0
2447,-111.0
2448,-106.0
2449,-103.0
2450,-103.0
2451,-107.0
2452,-118.0
2453,-101.0
2454,-103.0
2455,-90.0
2456,-88.0
2457,-104.0
2458,-102.0
2459,-88.0
2460,-111.0
2461,-106.0
2462,-86.0
2463,-92.0
2464,-86.0
2465,-88.0
2466,-177.0
2467,-105.0
2468,-88.0
2469,-105.0
2470,-104.0
2471,-104.0
2472,-90.0
2473,-91.0
2474,-103.0
2475,-83.0
2476,-105.0
2477,-84.0
2478,-93.0
2479,-85.0
2480,-174.0
2481,-103.0
2482,-84.0
2483,-86.0
2484,-106.0
2485,-188.0
2486,-101.0
2487,-91.0
2488,-156.0
2489,-116.0
2490,-101.0
2491,-200.0
2492,-155.0
2493,-90.0
2494,-200.0
2495,-200.0
2496,-164.0
2497,-90.0
2498,-157.0
2499,-200.0
2500,-200.0
2501,-90.0
2502,-160.0
2503,-200.0
2504,-83.0
2505,-121.0
2506,-156.0
2507,-166.0
2508,-95.0
2509,-113.0
2510,-200.0
2511,-153.0
2512,-91.0
2513,-155.0
2514,-92.0
2515,-200.0
2516,-200.0
2517,-107.0
2518,-200.0
2519,-162.0
2520,-119.0
2521,-158.0
2522,-87.0
2523,-200.0
2524,-99.0
2525,-94.0
2526,-147.0
2527,-162.0
2528,-98.0
2529,-150.0
2530,-156.0
2531,-172.0
2532,-141.0
2533,-172.0
2534,-154.0
2535,-158.0
2536,-95.0
2537,-156.0
2538,-145.0
2539,-101.0
2540,-90.0
2541,-171.0
2542,-88.0
2543,-90.0
2544,-146.0
2545,-141.0
2546,-150.0
2547,-144.0
2548,-152.0
2549,-88.0
2550,-101.0
2551,-141.0
2552,-99.0
2553,-150.0
2554,-88.0
2555,-162.0
2556,-146.0
2557,-157.0
2558,-155.0
2559,-156.0
2560,-144.0
2561,-104.0
2562,-149.0
2563,-145.0
2564,-142.0
2565,-151.0
2566,-141.0
2567,-162.0
2568,-153.0
2569,-145.0
2570,-144.0
2571,-141.0
2572,-92.0
2573,-147.0
2574,-144.0
2575,-150.0
2576,-92.0
2577,-146.0
2578,-144.0
2579,-143.0
2580,-146.0
2581,-105.0
2582,-145.0
2583,-150.0
2584,-148.0
2585,-143.0
2586,-144.0
2587,-141.0
2588,-141.0
2589,-144.0
2590,-146.0
2591,-144.0
2592,-156.0
2593,-149.0
2594,-90.0
2595,-145.0
2596,-149.0
2597,-138.0
2598,-145.0
2599,-149.0
2600,-152.0
2601,-147.0
2602,-148.0
2603,-150.0
2604,-163.0
2605,-148.0
2606,-142.0
2607,-138.0
2608,-153.0
2609,-150.0
2610,-152.0
2611,-135.0
2612,-151.0
2613,-139.0
2614,-92.0
2615,-97.0
2616,-90.0
2617,-136.0
2618,-146.0
2619,-139.0
2620,-148.0
2621,-140.0
2622,-144.0
2623,-151.0
2624,-153.0
2625,-86.0
2626,-147.0
2627,-93.0
2628,-152.0
2629,-84.0
2630,-93.0
2631,-133.0
2632,-153.0
2633,-140.0
2634,-95.0
2635,-154.0
2636,-147.0
2637,-147.0
2638,-90.0
2639,-87.0
2640,-91.0
2641,-155.0
2642,-92.0
2643,-146.0
2644,-88.0
2645,-142.0
2646,-143.0
2647,-146.0
2648,-141.0
2649,-139.0
2650,-151.0
2651,-138.0
2652,-148.0
2653,-149.0
2654,-164.0
2655,-89.0
2656,-159.0
2657,-150.0
2658,-136.0
2659,-142.0
2660,-153.0
2661,-130.0
2662,-153.0
2663,-146.0
2664,-85.0
2665,-134.0
2666,-146.0
2667,-134.0
2668,-137.0
2669,-88.0
2670,-143.0
2671,-166.0
2672,-153.0
2673,-169.0
2674,-166.0
2675,-170.0
2676,-108.0
2677,-108.0
2678,-104.0
2679,-136.0
2680,-157.0
2681,-109.0
2682,-136.0
2683,-90.0
2684,-87.0
2685,-135.0
2686,-110.0
2687,-139.0
2688,-108.0
2689,-90.0
2690,-106.0
2691,-107.0
2692,-156.0
2693,-137.0
2694,-168.0
2695,-138.0
2696,-132.0
2697,-134.0
2698,-147.0
2699,-94.0
2700,-113.0
2701,-148.0
2702,-140.0
2703,-133.0
2704,-89.0
2705,-113.0
2706,-131.0
2707,-175.0
2708,-154.0
2709,-105.0
2710,-157.0
2711,-86.0
2712,-107.0
2713,-94.0
2714,-135.0
2715,-135.0
2716,-149.0
2717,-105.0
2718,-139.0
2719,-161.0
2720,-136.0
2721,-175.0
2722,-105.0
2723,-143.0
2724,-116.0
2725,-84.0
2726,-136.0
2727,-174.0
2728,-151.0
2729,-136.0
2730,-103.0
2731,-147.0
2732,-87.0
2733,-162.0
2734,-137.0
2735,-137.0
2736,-88.0
2737,-138.0
2738,-156.0
2739,-137.0
2740,-108.0
2741,-134.0
2742,-149.0
2743,-136.0
2744,-146.0
2745,-167.0
2746,-144.0
2747,-134.0
2748,-144.0
2749,-132.0
2750,-134.0
2751,-87.0
2752,-84.0
2753,-87.0
2754,-165.0
2755,-85.0
2756,-152.0
2757,-153.0
2758,-148.0
2759,-181.0
2760,-147.0
2761,-144.0
2762,-98.0
2763,-145.0
2764,-135.0
2765,-104.0
2766,-140.0
2767,-86.0
2768,-158.0
2769,-115.0
2770,-156.0
2771,-168.0
2772,-161.0
2773,-152.0
2774,-140.0
2775,-140.0
2776,-149.0
2777,-155.0
2778,-137.0
2779,-152.0
2780,-158.0
2781,-145.0
2782,-140.0
2783,-154.0
2784,-138.0
2785,-139.0
2786,-160.0
2787,-95.0
2788,-155.0
2789,-137.0
2790,-137.0
2791,-90.0
2792,-164.0
2793,-176.0
2794,-159.0
2795,-156.0
2796,-152.0
2797,-171.0
2798,-166.0
2799,-153.0
2800,-140.0
2801,-126.0
2802,-87.0
2803,-182.0
2804,-142.0
2805,-141.0
2806,-147.0
2807,-164.0
2808,-163.0
2809,-89.0
2810,-154.0
2811,-159.0
2812,-157.0
2813,-160.0
2814,-155.0
2815,-151.0
2816,-162.0
2817,-157.0
2818,-154.0
2819,-88.0
2820,-161.0
2821,-89.0
2822,-105.0
2823,-148.0
2824,-154.0
2825,-90.0
2826,-89.0
2827,-88.0
2828,-161.0
2829,-154.0
2830,-103.0
2831,-136.0
2832,-164.0
2833,-148.0
2834,-149.0
2835,-151.0
2836,-152.0
2837,-90.0
2838,-161.0
2839,-154.0
2840,-87.0
2841,-90.0
2842,-152.0
2843,-115.0
2844,-110.0
2845,-84.0
2846,-164.0
2847,-90.0
2848,-142.0
2849,-88.0
2850,-114.0
2851,-115.0
2852,-160.0
2853,-195.0
2854,-92.0
2855,-92.0
2856,-112.0
2857,-119.0
2858,-152.0
2859,-92.0
2860,-142.0
2861,-150.0
2862,-142.0
2863,-92.0
2864,-119.0
2865,-91.0
2866,-94.0
2867,-154.0
2868,-114.0
2869,-142.0
2870,-93.0
2871,-189.0
2872,-114.0
2873,-170.0
2874,-113.0
2875,-163.0
2876,-116.0
2877,-114.0
2878,-117.0
2879,-96.0
2880,-112.0
2881,-163.0
2882,-115.0
2883,-88.0
2884,-113.0
2885,-103.0
2886,-145.0
2887,-144.0
2888,-146.0
2889,-168.0
2890,-163.0
2891,-111.0
2892,-111.0
2893,-116.0
2894,-86.0
2895,-118.0
2896,-161.0
2897,-115.0
2898,-97.0
2899,-161.0
2900,-90.0
2901,-110.0
2902,-147.0
2903,-84.0
2904,-83.0
2905,-161.0
2906,-164.0
2907,-87.0
2908,-160.0
2909,-100.0
2910,-91.0
2911,-85.0
2912,-112.0
2913,-109.0
2914,-92.0
2915,-109.0
2916,-108.0
2917,-113.0
2918,-153.0
2919,-150.0
2920,-173.0
2921,-121.0
2922,-107.0
2923,-146.0
2924,-152.0
2925,-107.0
2926,-94.0
2927,-86.0
2928,-87.0
2929,-162.0
2930,-168.0
2931,-103.0
2932,-91.0
2933,-142.0
2934,-155.0
2935,-108.0
2936,-142.0
2937,-93.0
2938,-106.0
2939,-106.0
2940,-151.0
2941,-157.0
2942,-122.0
2943,-151.0
2944,-97.0
2945,-108.0
2946,-151.0
2947,-153.0
2948,-105.0
2949,-88.0
2950,-110.0
2951,-106.0
2952,-138.0
2953,-86.0
2954,-88.0
2955,-155.0
2956,-154.0
2957,-107.0
2958,-107.0
2959,-111.0
2960,-85.0
2961,-107.0
2962,-88.0
2963,-96.0
2964,-138.0
2965,-108.0
2966,-88.0
2967,-107.0
2968,-158.0
2969,-108.0
2970,-86.0
2971,-89.0
2972,-108.0
2973,-106.0
2974,-105.0
2975,-107.0
2976,-109.0
2977,-100.0
2978,-146.0
2979,-85.0
2980,-108.0
2981,-106.0
2982,-156.0
2983,-153.0
2984,-149.0
2985,-106.0
2986,-169.0
2987,-145.0
2988,-106.0
2989,-146.0
2990,-96.0
2991,-85.0
2992,-85.0
2993,-147.0
2994,-156.0
2995,-84.0
2996,-94.0
2997,-111.0
2998,-108.0
2999,-105.0
3000,-95.0
3001,-105.0
3002,-99.0
3003,-166.0
3004,-107.0
3005,-150.0
3006,-92.0
3007,-147.0
3008,-139.0
3009,-101.0
3010,-155.0
3011,-140.0
3012,-104.0
3013,-153.0
3014,-148.0
3015,-152.0
3016,-87.0
3017,-100.0
3018,-139.0
3019,-148.0
3020,-151.0
3021,-107.0
3022,-111.0
3023,-87.0
3024,-99.0
3025,-140.0
3026,-159.0
3027,-149.0
3028,-148.0
3029,-163.0
3030,-150.0
3031,-141.0
3032,-166.0
3033,-87.0
3034,-158.0
3035,-153.0
3036,-138.0
3037,-161.0
3038,-86.0
3039,-100.0
3040,-96.0
3041,-97.0
3042,-148.0
3043,-155.0
3044,-141.0
3045,-147.0
3046,-148.0
3047,-140.0
3048,-161.0
3049,-160.0
3050,-91.0
3051,-154.0
3052,-155.0
3053,-86.0
3054,-153.0
3055,-87.0
3056,-159.0
3057,-140.0
3058,-140.0
3059,-84.0
3060,-143.0
3061,-163.0
3062,-144.0
3063,-89.0
3064,-148.0
3065,-153.0
3066,-87.0
3067,-148.0
3068,-94.0
3069,-94.0
3070,-95.0
3071,-154.0
3072,-158.0
3073,-164.0
3074,-86.0
3075,-153.0
3076,-154.0
3077,-159.0
3078,-106.0
3079,-106.0
3080,-106.0
3081,-149.0
3082,-104.0
3083,-158.0
3084,-152.0
3085,-91.0
3086,-89.0
3087,-151.0
3088,-106.0
3089,-151.0
3090,-106.0
3091,-87.0
3092,-148.0
3093,-157.0
3094,-91.0
3095,-96.0
3096,-147.0
3097,-93.0
3098,-150.0
3099,-157.0
3100,-132.0
3101,-101.0
3102,-139.0
3103,-139.0
3104,-105.0
3105,-148.0
3106,-105.0
3107,-144.0
3108,-87.0
3109,-105.0
3110,-87.0
3111,-86.0
3112,-173.0
3113,-143.0
3114,-140.0
3115,-146.0
3116,-148.0
3117,-138.0
3118,-147.0
3119,-107.0
3120,-138.0
3121,-147.0
3122,-85.0
3123,-140.0
3124,-108.0
3125,-134.0
3126,-139.0
3127,-142.0
3128,-84.0
3129,-139.0
3130,-140.0
3131,-87.0
3132,-86.0
3133,-139.0
3134,-83.0
3135,-145.0
3136,-142.0
3137,-83.0
3138,-84.0
3139,-148.0
3140,-143.0
3141,-87.0
3142,-141.0
3143,-105.0
3144,-145.0
3145,-104.0
3146,-147.0
3147,-105.0
3148,-84.0
3149,-85.0
3150,-136.0
3151,-131.0
3152,-140.0
3153,-91.0
3154,-135.0
3155,-139.0
3156,-135.0
3157,-105.0
3158,-86.0
3159,-136.0
3160,-104.0
3161,-162.0
3162,-135.0
3163,-88.0
3164,-136.0
3165,-137.0
3166,-105.0
3167,-135.0
3168,-133.0
3169,-139.0
3170,-139.0
3171,-141.0
3172,-85.0
3173,-136.0
3174,-136.0
3175,-113.0
3176,-137.0
3177,-92.0
3178,-141.0
3179,-105.0
3180,-137.0
3181,-89.0
3182,-139.0
3183,-178.0
3184,-138.0
3185,-105.0
3186,-84.0
3187,-87.0
3188,-84.0
3189,-94.0
3190,-105.0
3191,-121.0
3192,-105.0
3193,-141.0
3194,-163.0
3195,-105.0
3196,-105.0
3197,-138.0
3198,-91.0
3199,-147.0
3200,-158.0
3201,-138.0
3202,-139.0
3203,-131.0
3204,-134.0
3205,-135.0
3206,-136.0
3207,-168.0
3208,-141.0
3209,-136.0
3210,-137.0
3211,-135.0
3212,-94.0
3213,-98.0
3214,-110.0
3215,-93.0
3216,-139.0
3217,-141.0
3218,-93.0
3219,-91.0
3220,-87.0
3221,-137.0
3222,-134.0
3223,-133.0
3224,-142.0
3225,-156.0
3226,-171.0
3227,-157.0
3228,-106.0
3229,-87.0
3230,-109.0
3231,-168.0
3232,-136.0
3233,-111.0
3234,-134.0
3235,-142.0
3236,-84.0
3237,-136.0
3238,-140.0
3239,-146.0
3240,-171.0
3241,-140.0
3242,-137.0
3243,-134.0
3244,-86.0
3245,-84.0
3246,-144.0
3247,-108.0
3248,-87.0
3249,-141.0
3250,-101.0
3251,-88.0
3252,-107.0
3253,-87.0
3254,-91.0
3255,-89.0
3256,-132.0
3257,-132.0
3258,-143.0
3259,-140.0
3260,-133.0
3261,-138.0
3262,-147.0
3263,-113.0
3264,-101.0
3265,-145.0
3266,-154.0
3267,-86.0
3268,-110.0
3269,-196.0
3270,-87.0
3271,-89.0
3272,-144.0
3273,-106.0
3274,-85.0
3275,-143.0
3276,-84.0
3277,-138.0
3278,-144.0
3279,-83.0
3280,-142.0
3281,-146.0
3282,-138.0
3283,-87.0
3284,-87.0
3285,-163.0
3286,-150.0
3287,-131.0
3288,-141.0
3289,-170.0
3290,-107.0
3291,-106.0
3292,-136.0
3293,-153.0
3294,-96.0
3295,-106.0
3296,-85.0
3297,-136.0
3298,-91.0
3299,-84.0
3300,-152.0
3301,-136.0
3302,-113.0
3303,-107.0
3304,-107.0
3305,-170.0
3306,-161.0
3307,-135.0
3308,-86.0
3309,-157.0
3310,-91.0
3311,-125.0
3312,-182.0
3313,-128.0
3314,-141.0
3315,-198.0
3316,-134.0
3317,-159.0
3318,-141.0
3319,-133.0
3320,-135.0
3321,-182.0
3322,-132.0
3323,-137.0
3324,-200.0
3325,-146.0
3326,-135.0
3327,-140.0
3328,-177.0
3329,-138.0
3330,-97.0
3331,-137.0
3332,-159.0
3333,-133.0
3334,-136.0
3335,-137.0
3336,-141.0
3337,-143.0
3338,-137.0
3339,-134.0
3340,-140.0
3341,-184.0
3342,-174.0
3343,-169.0
3344,-124.0
3345,-136.0
3346,-106.0
3347,-173.0
3348,-107.0
3349,-133.0
3350,-141.0
3351,-135.0
3352,-108.0
3353,-102.0
3354,-143.0
3355,-85.0
3356,-138.0
3357,-123.0
3358,-139.0
3359,-85.0
3360,-98.0
3361,-139.0
3362,-93.0
3363,-141.0
3364,-174.0
3365,-148.0
3366,-145.0
3367,-144.0
3368,-111.0
3369,-84.0
3370,-98.0
3371,-95.0
3372,-145.0
3373,-147.0
3374,-160.0
3375,-167.0
3376,-109.0
3377,-165.0
3378,-140.0
3379,-141.0
3380,-108.0
3381,-96.0
3382,-170.0
3383,-147.0
3384,-85.0
3385,-94.0
3386,-146.0
3387,-144.0
3388,-174.0
3389,-140.0
3390,-142.0
3391,-143.0
3392,-144.0
3393,-142.0
3394,-138.0
3395,-141.0
3396,-129.0
3397,-98.0
3398,-86.0
3399,-142.0
3400,-142.0
3401,-94.0
3402,-145.0
3403,-149.0
3404,-151.0
3405,-163.0
3406,-144.0
3407,-96.0
3408,-188.0
3409,-140.0
3410,-141.0
3411,-85.0
3412,-146.0
3413,-142.0
3414,-138.0
3415,-141.0
3416,-144.0
3417,-139.0
3418,-119.0
3419,-141.0
3420,-143.0
3421,-142.0
3422,-146.0
3423,-91.0
3424,-121.0
3425,-137.0
3426,-113.0
3427,-143.0
3428,-145.0
3429,-123.0
3430,-141.0
3431,-145.0
3432,-145.0
3433,-141.0
3434,-167.0
3435,-146.0
3436,-124.0
3437,-140.0
3438,-95.0
3439,-148.0
3440,-145.0
3441,-148.0
3442,-126.0
3443,-146.0
3444,-140.0
3445,-150.0
3446,-145.0
3447,-138.0
3448,-145.0
3449,-134.0
3450,-142.0
3451,-149.0
3452,-145.0
3453,-142.0
3454,-145.0
3455,-130.0
3456,-147.0
3457,-133.0
3458,-135.0
3459,-123.0
3460,-143.0
3461,-140.0
3462,-134.0
3463,-140.0
3464,-145.0
3465,-139.0
3466,-136.0
3467,-139.0
3468,-135.0
3469,-197.0
3470,-128.0
3471,-140.0
3472,-143.0
3473,-141.0
3474,-139.0
3475,-141.0
3476,-185.0
3477,-151.0
3478,-145.0
3479,-135.0
3480,-143.0
3481,-139.0
3482,-88.0
3483,-143.0
3484,-200.0
3485,-139.0
3486,-140.0
3487,-141.0
3488,-154.0
3489,-148.0
3490,-140.0
3491,-91.0
3492,-139.0
3493,-88.0
3494,-137.0
3495,-87.0
3496,-139.0
3497,-90.0
3498,-145.0
3499,-142.0
3500,-175.0
3501,-95.0
3502,-142.0
3503,-145.0
3504,-99.0
3505,-184.0
3506,-139.0
3507,-140.0
3508,-109.0
3509,-90.0
3510,-140.0
3511,-138.0
3512,-140.0
3513,-137.0
3514,-143.0
3515,-152.0
3516,-137.0
3517,-188.0
3518,-94.0
3519,-131.0
3520,-139.0
3521,-126.0
3522,-138.0
3523,-138.0
3524,-135.0
3525,-140.0
3526,-138.0
3527,-153.0
3528,-141.0
3529,-154.0
3530,-134.0
3531,-114.0
3532,-143.0
3533,-105.0
3534,-134.0
3535,-145.0
3536,-146.0
3537,-138.0
3538,-145.0
3539,-145.0
3540,-104.0
3541,-102.0
3542,-141.0
3543,-139.0
3544,-143.0
3545,-138.0
3546,-163.0
3547,-131.0
3548,-155.0
3549,-130.0
3550,-138.0
3551,-142.0
3552,-131.0
3553,-121.0
3554,-141.0
3555,-145.0
3556,-144.0
3557,-139.0
3558,-148.0
3559,-132.0
3560,-131.0
3561,-146.0
3562,-127.0
3563,-139.0
3564,-139.0
3565,-127.0
3566,-134.0
3567,-143.0
3568,-138.0
3569,-138.0
3570,-134.0
3571,-147.0
3572,-107.0
3573,-129.0
3574,-144.0
3575,-136.0
3576,-143.0
3577,-135.0
3578,-146.0
3579,-137.0
3580,-132.0
3581,-140.0
3582,-146.0
3583,-105.0
3584,-112.0
3585,-141.0
3586,-137.0
3587,-139.0
3588,-140.0
3589,-130.0
3590,-131.0
3591,-107.0
3592,-137.0
3593,-136.0
3594,-126.0
3595,-135.0
3596,-144.0
3597,-142.0
3598,-155.0
3599,-145.0
3600,-146.0
3601,-139.0
3602,-149.0
3603,-147.0
3604,-143.0
3605,-139.0
3606,-151.0
3607,-148.0
3608,-146.0
3609,-146.0
3610,-183.0
3611,-142.0
3612,-145.0
3613,-148.0
3614,-144.0
3615,-146.0
3616,-143.0
3617,-145.0
3618,-133.0
3619,-140.0
3620,-139.0
3621,-138.0
3622,-149.0
3623,-129.0
3624,-141.0
3625,-142.0
3626,-138.0
3627,-144.0
3628,-109.0
3629,-139.0
3630,-159.0
3631,-111.0
3632,-134.0
3633,-92.0
3634,-104.0
3635,-106.0
3636,-120.0
3637,-91.0
3638,-142.0
3639,-144.0
3640,-109.0
3641,-86.0
3642,-145.0
3643,-145.0
3644,-104.0
3645,-148.0
3646,-106.0
3647,-159.0
3648,-148.0
3649,-106.0
3650,-107.0
3651,-107.0
3652,-85.0
3653,-142.0
3654,-136.0
3655,-143.0
3656,-107.0
3657,-147.0
3658,-137.0
3659,-134.0
3660,-89.0
3661,-134.0
3662,-85.0
3663,-105.0
3664,-90.0
3665,-90.0
3666,-140.0
3667,-136.0
3668,-104.0
3669,-104.0
3670,-104.0
3671,-147.0
3672,-85.0
3673,-144.0
3674,-143.0
3675,-144.0
3676,-85.0
3677,-84.0
3678,-136.0
3679,-106.0
3680,-146.0
3681,-108.0
3682,-106.0
3683,-84.0
3684,-151.0
3685,-106.0
3686,-146.0
3687,-107.0
3688,-141.0
3689,-104.0
3690,-103.0
3691,-107.0
3692,-137.0
3693,-105.0
3694,-141.0
3695,-89.0
3696,-104.0
3697,-139.0
3698,-137.0
3699,-106.0
3700,-135.0
3701,-141.0
3702,-110.0
3703,-97.0
3704,-85.0
3705,-106.0
3706,-106.0
3707,-104.0
3708,-140.0
3709,-139.0
3710,-135.0
3711,-110.0
3712,-105.0
3713,-105.0
3714,-144.0
3715,-97.0
3716,-149.0
3717,-143.0
3718,-153.0
3719,-153.0
3720,-137.0
3721,-105.0
3722,-142.0
3723,-114.0
3724,-104.0
3725,-161.0
3726,-103.0
3727,-87.0
3728,-104.0
3729,-89.0
3730,-104.0
3731,-111.0
3732,-107.0
3733,-159.0
3734,-189.0
3735,-147.0
3736,-187.0
3737,-85.0
3738,-103.0
3739,-173.0
3740,-93.0
3741,-96.0
3742,-154.0
3743,-95.0
3744,-104.0
3745,-96.0
3746,-103.0
3747,-153.0
3748,-141.0
3749,-85.0
3750,-105.0
3751,-110.0
3752,-152.0
3753,-103.0
3754,-95.0
3755,-182.0
3756,-143.0
3757,-99.0
3758,-105.0
3759,-104.0
3760,-149.0
3761,-152.0
3762,-96.0
3763,-105.0
3764,-159.0
3765,-86.0
3766,-104.0
3767,-104.0
3768,-104.0
3769,-105.0
3770,-98.0
3771,-91.0
3772,-85.0
3773,-93.0
3774,-153.0
3775,-107.0
3776,-107.0
3777,-155.0
3778,-143.0
3779,-188.0
3780,-93.0
3781,-107.0
3782,-109.0
3783,-153.0
3784,-105.0
3785,-149.0
3786,-149.0
3787,-195.0
3788,-104.0
3789,-83.0
3790,-94.0
3791,-152.0
3792,-148.0
3793,-104.0
3794,-148.0
3795,-180.0
3796,-146.0
3797,-89.0
3798,-147.0
3799,-86.0
3800,-88.0
3801,-88.0
3802,-148.0
3803,-145.0
3804,-147.0
3805,-142.0
3806,-144.0
3807,-146.0
3808,-168.0
3809,-146.0
3810,-102.0
3811,-143.0
3812,-145.0
3813,-93.0
3814,-185.0
3815,-146.0
3816,-150.0
3817,-99.0
3818,-156.0
3819,-87.0
3820,-154.0
3821,-97.0
3822,-145.0
3823,-148.0
3824,-148.0
3825,-91.0
3826,-155.0
3827,-104.0
3828,-146.0
3829,-152.0
3830,-172.0
3831,-143.0
3832,-108.0
3833,-149.0
3834,-145.0
3835,-151.0
3836,-153.0
3837,-150.0
3838,-143.0
3839,-126.0
3840,-93.0
3841,-141.0
3842,-149.0
3843,-103.0
3844,-147.0
3845,-138.0
3846,-152.0
3847,-142.0
3848,-151.0
3849,-143.0
3850,-145.0
3851,-137.0
3852,-141.0
3853,-142.0
3854,-143.0
3855,-144.0
3856,-139.0
3857,-192.0
3858,-149.0
3859,-169.0
3860,-141.0
3861,-157.0
3862,-105.0
3863,-138.0
3864,-143.0
3865,-106.0
3866,-154.0
3867,-155.0
3868,-150.0
3869,-111.0
3870,-141.0
3871,-141.0
3872,-143.0
3873,-142.0
3874,-108.0
3875,-139.0
3876,-147.0
3877,-143.0
3878,-113.0
3879,-109.0
3880,-111.0
3881,-108.0
3882,-144.0
3883,-106.0
3884,-140.0
3885,-112.0
3886,-143.0
3887,-143.0
3888,-146.0
3889,-141.0
3890,-148.0
3891,-153.0
3892,-106.0
3893,-157.0
3894,-156.0
3895,-148.0
3896,-143.0
3897,-111.0
3898,-143.0
3899,-138.0
3900,-139.0
3901,-142.0
3902,-140.0
3903,-136.0
3904,-140.0
3905,-108.0
3906,-137.0
3907,-105.0
3908,-108.0
3909,-109.0
3910,-138.0
3911,-106.0
3912,-148.0
3913,-108.0
3914,-110.0
3915,-108.0
3916,-114.0
3917,-109.0
3918,-112.0
3919,-152.0
3920,-136.0
3921,-107.0
3922,-178.0
3923,-110.0
3924,-108.0
3925,-106.0
3926,-111.0
3927,-107.0
3928,-129.0
3929,-147.0
3930,-140.0
3931,-133.0
3932,-111.0
3933,-137.0
3934,-134.0
3935,-139.0
3936,-135.0
3937,-106.0
3938,-137.0
3939,-175.0
3940,-142.0
3941,-134.0
3942,-142.0
3943,-136.0
3944,-98.0
3945,-146.0
3946,-98.0
3947,-145.0
3948,-197.0
3949,-139.0
3950,-97.0
3951,-143.0
3952,-135.0
3953,-135.0
3954,-137.0
3955,-141.0
3956,-109.0
3957,-152.0
3958,-107.0
3959,-116.0
3960,-151.0
3961,-107.0
3962,-105.0
3963,-123.0
3964,-137.0
3965,-112.0
3966,-110.0
3967,-107.0
3968,-150.0
3969,-144.0
3970,-140.0
3971,-151.0
3972,-153.0
3973,-125.0
3974,-137.0
3975,-136.0
3976,-137.0
3977,-140.0
3978,-108.0
3979,-137.0
3980,-141.0
3981,-122.0
3982,-121.0
3983,-141.0
3984,-137.0
3985,-138.0
3986,-109.0
3987,-107.0
3988,-137.0
3989,-160.0
3990,-140.0
3991,-137.0
3992,-109.0
3993,-147.0
3994,-147.0
3995,-105.0
3996,-145.0
3997,-156.0
3998,-118.0
3999,-143.0
4000,-143.0
4001,-145.0
4002,-158.0
4003,-141.0
4004,-146.0
4005,-142.0
4006,-90.0
4007,-100.0
4008,-161.0
4009,-150.0
4010,-112.0
4011,-114.0
4012,-107.0
4013,-143.0
4014,-109.0
4015,-109.0
4016,-87.0
4017,-149.0
4018,-110.0
4019,-132.0
4020,-159.0
4021,-153.0
4022,-147.0
4023,-89.0
4024,-145.0
4025,-93.0
4026,-142.0
4027,-143.0
4028,-107.0
4029,-164.0
4030,-113.0
4031,-153.0
4032,-106.0
4033,-92.0
4034,-178.0
4035,-145.0
4036,-95.0
4037,-141.0
4038,-87.0
4039,-141.0
4040,-125.0
4041,-121.0
4042,-142.0
4043,-90.0
4044,-145.0
4045,-136.0
4046,-143.0
4047,-149.0
4048,-138.0
4049,-142.0
4050,-100.0
4051,-139.0
4052,-143.0
4053,-85.0
4054,-135.0
4055,-154.0
4056,-145.0
4057,-91.0
4058,-97.0
4059,-147.0
4060,-87.0
4061,-143.0
4062,-142.0
4063,-145.0
4064,-139.0
4065,-87.0
4066,-140.0
4067,-143.0
4068,-95.0
4069,-143.0
4070,-101.0
4071,-145.0
4072,-152.0
4073,-87.0
4074,-153.0
4075,-141.0
4076,-88.0
4077,-140.0
4078,-144.0
4079,-87.0
4080,-143.0
4081,-140.0
4082,-144.0
4083,-149.0
4084,-150.0
4085,-149.0
4086,-157.0
4087,-141.0
4088,-144.0
4089,-92.0
4090,-92.0
4091,-145.0
4092,-200.0
4093,-140.0
4094,-143.0
4095,-147.0
4096,-146.0
4097,-139.0
4098,-142.0
4099,-138.0
4100,-138.0
4101,-91.0
4102,-141.0
4103,-141.0
4104,-141.0
4105,-140.0
4106,-138.0
4107,-137.0
4108,-138.0
4109,-142.0
4110,-142.0
4111,-137.0
4112,-138.0
4113,-139.0
4114,-143.0
4115,-138.0
4116,-143.0
4117,-137.0
4118,-133.0
4119,-136.0
4120,-139.0
4121,-139.0
4122,-136.0
4123,-138.0
4124,-137.0
4125,-141.0
4126,-145.0
4127,-145.0
4128,-142.0
4129,-148.0
4130,-159.0
4131,-146.0
4132,-166.0
4133,-108.0
4134,-143.0
4135,-134.0
4136,-151.0
4137,-136.0
4138,-138.0
4139,-141.0
4140,-140.0
4141,-136.0
4142,-134.0
4143,-149.0
4144,-137.0
4145,-134.0
4146,-146.0
4147,-141.0
4148,-141.0
4149,-141.0
4150,-139.0
4151,-137.0
4152,-156.0
4153,-136.0
4154,-136.0
4155,-141.0
4156,-134.0
4157,-163.0
4158,-137.0
4159,-168.0
4160,-96.0
4161,-87.0
4162,-134.0
4163,-137.0
4164,-142.0
4165,-143.0
4166,-114.0
4167,-147.0
4168,-140.0
4169,-142.0
4170,-139.0
4171,-141.0
4172,-128.0
4173,-142.0
4174,-138.0
4175,-148.0
4176,-102.0
4177,-142.0
4178,-142.0
4179,-85.0
4180,-95.0
4181,-135.0
4182,-142.0
4183,-138.0
4184,-140.0
4185,-168.0
4186,-94.0
4187,-84.0
4188,-140.0
4189,-83.0
4190,-137.0
4191,-162.0
4192,-108.0
4193,-140.0
4194,-140.0
4195,-142.0
4196,-145.0
4197,-141.0
4198,-141.0
4199,-144.0
4200,-147.0
4201,-84.0
4202,-142.0
4203,-86.0
4204,-97.0
4205,-145.0
4206,-145.0
4207,-140.0
4208,-138.0
4209,-196.0
4210,-144.0
4211,-140.0
4212,-92.0
4213,-94.0
4214,-143.0
4215,-90.0
4216,-151.0
4217,-140.0
4218,-139.0
4219,-144.0
4220,-101.0
4221,-102.0
4222,-92.0
4223,-107.0
4224,-108.0
4225,-144.0
4226,-143.0
4227,-159.0
4228,-149.0
4229,-141.0
4230,-148.0
4231,-94.0
4232,-144.0
4233,-145.0
4234,-120.0
4235,-117.0
4236,-141.0
4237,-108.0
4238,-93.0
4239,-156.0
4240,-90.0
4241,-170.0
4242,-138.0
4243,-142.0
4244,-142.0
4245,-145.0
4246,-144.0
4247,-143.0
4248,-139.0
4249,-139.0
4250,-139.0
4251,-140.0
4252,-163.0
4253,-144.0
4254,-142.0
4255,-161.0
4256,-101.0
4257,-141.0
4258,-106.0
4259,-141.0
4260,-138.0
4261,-140.0
4262,-144.0
4263,-141.0
4264,-145.0
4265,-143.0
4266,-140.0
4267,-140.0
4268,-142.0
4269,-185.0
4270,-137.0
4271,-145.0
4272,-139.0
4273,-141.0
4274,-143.0
4275,-151.0
4276,-144.0
4277,-141.0
4278,-139.0
4279,-136.0
4280,-137.0
4281,-140.0
4282,-140.0
4283,-176.0
4284,-138.0
4285,-138.0
4286,-140.0
4287,-135.0
4288,-156.0
4289,-136.0
4290,-142.0
4291,-138.0
4292,-135.0
4293,-167.0
4294,-134.0
4295,-156.0
4296,-140.0
4297,-149.0
4298,-146.0
4299,-158.0
4300,-132.0
4301,-134.0
4302,-165.0
4303,-137.0
4304,-164.0
4305,-161.0
4306,-137.0
4307,-165.0
4308,-166.0
4309,-132.0
4310,-149.0
4311,-134.0
4312,-134.0
4313,-157.0
4314,-164.0
4315,-138.0
4316,-133.0
4317,-132.0
4318,-132.0
4319,-135.0
4320,-161.0
4321,-151.0
4322,-138.0
4323,-151.0
4324,-140.0
4325,-137.0
4326,-137.0
4327,-144.0
4328,-134.0
4329,-154.0
4330,-130.0
4331,-137.0
4332,-135.0
4333,-143.0
4334,-137.0
4335,-135.0
4336,-143.0
4337,-152.0
4338,-88.0
4339,-140.0
4340,-134.0
4341,-157.0
4342,-84.0
4343,-155.0
4344,-146.0
4345,-138.0
4346,-145.0
4347,-134.0
4348,-147.0
4349,-89.0
4350,-137.0
4351,-137.0
4352,-137.0
4353,-140.0
4354,-136.0
4355,-136.0
4356,-137.0
4357,-91.0
4358,-144.0
4359,-138.0
4360,-137.0
4361,-84.0
4362,-107.0
4363,-104.0
4364,-138.0
4365,-135.0
4366,-142.0
4367,-141.0
4368,-85.0
4369,-137.0
4370,-84.0
4371,-137.0
4372,-156.0
4373,-140.0
4374,-139.0
4375,-136.0
4376,-143.0
4377,-142.0
4378,-134.0
4379,-84.0
4380,-87.0
4381,-144.0
4382,-136.0
4383,-88.0
4384,-141.0
4385,-141.0
4386,-90.0
4387,-103.0
4388,-93.0
4389,-137.0
4390,-137.0
4391,-140.0
4392,-97.0
4393,-89.0
4394,-127.0
4395,-145.0
4396,-145.0
4397,-142.0
4398,-141.0
4399,-138.0
4400,-139.0
4401,-142.0
4402,-138.0
4403,-106.0
4404,-146.0
4405,-141.0
4406,-95.0
4407,-89.0
4408,-141.0
4409,-142.0
4410,-154.0
4411,-155.0
4412,-141.0
4413,-151.0
4414,-139.0
4415,-140.0
4416,-145.0
4417,-142.0
4418,-142.0
4419,-139.0
4420,-91.0
4421,-148.0
4422,-153.0
4423,-88.0
4424,-149.0
4425,-152.0
4426,-146.0
4427,-142.0
4428,-150.0
4429,-141.0
4430,-146.0
4431,-142.0
4432,-140.0
4433,-84.0
4434,-141.0
4435,-88.0
4436,-138.0
4437,-136.0
4438,-148.0
4439,-149.0
4440,-143.0
4441,-90.0
4442,-141.0
4443,-140.0
4444,-145.0
4445,-91.0
4446,-85.0
4447,-143.0
4448,-86.0
4449,-88.0
4450,-140.0
4451,-141.0
4452,-156.0
4453,-86.0
4454,-151.0
4455,-142.0
4456,-87.0
4457,-143.0
4458,-86.0
4459,-95.0
4460,-91.0
4461,-157.0
4462,-147.0
4463,-156.0
4464,-89.0
4465,-87.0
4466,-140.0
4467,-142.0
4468,-139.0
4469,-88.0
4470,-141.0
4471,-102.0
4472,-86.0
4473,-85.0
4474,-141.0
4475,-147.0
4476,-140.0
4477,-141.0
4478,-153.0
4479,-95.0
4480,-142.0
4481,-143.0
4482,-142.0
4483,-153.0
4484,-157.0
4485,-142.0
4486,-150.0
4487,-142.0
4488,-89.0
4489,-84.0
4490,-146.0
4491,-145.0
4492,-89.0
4493,-144.0
4494,-141.0
4495,-85.0
4496,-85.0
4497,-90.0
4498,-145.0
4499,-141.0
4500,-96.0
4501,-170.0
4502,-110.0
4503,-143.0
4504,-90.0
4505,-95.0
4506,-97.0
4507,-143.0
4508,-145.0
4509,-143.0
4510,-139.0
4511,-93.0
4512,-143.0
4513,-84.0
4514,-102.0
4515,-88.0
4516,-89.0
4517,-112.0
4518,-94.0
4519,-109.0
4520,-97.0
4521,-108.0
4522,-111.0
4523,-146.0
4524,-95.0
4525,-111.0
4526,-141.0
4527,-88.0
4528,-98.0
4529,-142.0
4530,-93.0
4531,-86.0
4532,-84.0
4533,-122.0
4534,-140.0
4535,-152.0
4536,-95.0
4537,-116.0
4538,-169.0
4539,-114.0
4540,-137.0
4541,-139.0
4542,-141.0
4543,-84.0
4544,-95.0
4545,-84.0
4546,-145.0
4547,-91.0
4548,-152.0
4549,-137.0
4550,-86.0
4551,-138.0
4552,-84.0
4553,-87.0
4554,-140.0
4555,-95.0
4556,-141.0
4557,-141.0
4558,-138.0
4559,-200.0
4560,-87.0
4561,-140.0
4562,-143.0
4563,-128.0
4564,-151.0
4565,-145.0
4566,-90.0
4567,-140.0
4568,-150.0
4569,-89.0
4570,-120.0
4571,-137.0
4572,-140.0
4573,-152.0
4574,-148.0
4575,-85.0
4576,-137.0
4577,-149.0
4578,-148.0
4579,-136.0
4580,-137.0
4581,-147.0
4582,-86.0
4583,-137.0
4584,-137.0
4585,-88.0
4586,-145.0
4587,-87.0
4588,-118.0
4589,-87.0
4590,-135.0
4591,-84.0
4592,-87.0
4593,-143.0
4594,-143.0
4595,-85.0
4596,-136.0
4597,-147.0
4598,-148.0
4599,-86.0
4600,-143.0
4601,-148.0
4602,-142.0
4603,-85.0
4604,-141.0
4605,-136.0
4606,-133.0
4607,-139.0
4608,-134.0
4609,-193.0
4610,-136.0
4611,-89.0
4612,-135.0
4613,-141.0
4614,-152.0
4615,-91.0
4616,-137.0
4617,-86.0
4618,-134.0
4619,-152.0
4620,-144.0
4621,-139.0
4622,-140.0
4623,-179.0
4624,-85.0
4625,-171.0
4626,-136.0
4627,-141.0
4628,-138.0
4629,-146.0
4630,-135.0
4631,-86.0
4632,-103.0
4633,-151.0
4634,-123.0
4635,-157.0
4636,-145.0
4637,-86.0
4638,-143.0
4639,-142.0
4640,-179.0
4641,-142.0
4642,-154.0
4643,-171.0
4644,-85.0
4645,-90.0
4646,-89.0
4647,-147.0
4648,-113.0
4649,-194.0
4650,-144.0
4651,-93.0
4652,-154.0
4653,-95.0
4654,-90.0
4655,-154.0
4656,-90.0
4657,-86.0
4658,-87.0
4659,-141.0
4660,-136.0
4661,-159.0
4662,-144.0
4663,-139.0
4664,-138.0
4665,-150.0
4666,-143.0
4667,-87.0
4668,-139.0
4669,-180.0
4670,-96.0
4671,-107.0
4672,-88.0
4673,-94.0
4674,-87.0
4675,-122.0
4676,-108.0
4677,-138.0
4678,-140.0
4679,-163.0
4680,-170.0
4681,-105.0
4682,-178.0
4683,-168.0
4684,-138.0
4685,-88.0
4686,-86.0
4687,-142.0
4688,-137.0
4689,-154.0
4690,-116.0
4691,-153.0
4692,-145.0
4693,-109.0
4694,-174.0
4695,-112.0
4696,-148.0
4697,-167.0
4698,-194.0
4699,-144.0
4700,-116.0
4701,-137.0
4702,-116.0
4703,-148.0
4704,-86.0
4705,-88.0
4706,-152.0
4707,-92.0
4708,-160.0
4709,-95.0
4710,-116.0
4711,-146.0
4712,-107.0
4713,-138.0
4714,-97.0
4715,-93.0
4716,-89.0
4717,-108.0
4718,-157.0
4719,-110.0
4720,-166.0
4721,-141.0
4722,-145.0
4723,-179.0
4724,-139.0
4725,-141.0
4726,-89.0
4727,-91.0
4728,-108.0
4729,-105.0
4730,-87.0
4731,-141.0
4732,-140.0
4733,-153.0
4734,-158.0
4735,-139.0
4736,-140.0
4737,-138.0
4738,-98.0
4739,-143.0
4740,-141.0
4741,-138.0
4742,-86.0
4743,-150.0
4744,-93.0
4745,-101.0
4746,-141.0
4747,-141.0
4748,-141.0
4749,-95.0
4750,-105.0
4751,-143.0
4752,-142.0
4753,-137.0
4754,-142.0
4755,-88.0
4756,-104.0
4757,-141.0
4758,-89.0
4759,-88.0
4760,-141.0
4761,-182.0
4762,-188.0
4763,-93.0
4764,-141.0
4765,-105.0
4766,-139.0
4767,-139.0
4768,-138.0
4769,-141.0
4770,-139.0
4771,-90.0
4772,-142.0
4773,-141.0
4774,-143.0
4775,-105.0
4776,-140.0
4777,-154.0
4778,-105.0
4779,-139.0
4780,-143.0
4781,-107.0
4782,-104.0
4783,-139.0
4784,-184.0
4785,-84.0
4786,-112.0
4787,-145.0
4788,-151.0
4789,-104.0
4790,-104.0
4791,-104.0
4792,-138.0
4793,-138.0
4794,-84.0
4795,-139.0
4796,-147.0
4797,-95.0
4798,-141.0
4799,-138.0
4800,-105.0
4801,-105.0
4802,-150.0
4803,-138.0
4804,-98.0
4805,-98.0
4806,-148.0
4807,-137.0
4808,-142.0
4809,-104.0
4810,-100.0
4811,-85.0
4812,-142.0
4813,-138.0
4814,-84.0
4815,-137.0
4816,-105.0
4817,-102.0
4818,-139.0
4819,-140.0
4820,-142.0
4821,-164.0
4822,-104.0
4823,-104.0
4824,-143.0
4825,-146.0
4826,-154.0
4827,-140.0
4828,-154.0
4829,-140.0
4830,-89.0
4831,-95.0
4832,-106.0
4833,-136.0
4834,-146.0
4835,-104.0
4836,-153.0
4837,-139.0
4838,-105.0
4839,-156.0
4840,-138.0
4841,-153.0
4842,-93.0
4843,-99.0
4844,-145.0
4845,-104.0
4846,-108.0
4847,-167.0
4848,-149.0
4849,-113.0
4850,-168.0
4851,-88.0
4852,-142.0
4853,-138.0
4854,-145.0
4855,-86.0
4856,-97.0
4857,-105.0
4858,-104.0
4859,-104.0
4860,-140.0
4861,-141.0
4862,-143.0
4863,-141.0
4864,-104.0
4865,-139.0
4866,-87.0
4867,-143.0
4868,-162.0
4869,-146.0
4870,-100.0
4871,-176.0
4872,-104.0
4873,-105.0
4874,-94.0
4875,-104.0
4876,-105.0
4877,-137.0
4878,-162.0
4879,-98.0
4880,-140.0
4881,-90.0
4882,-146.0
4883,-138.0
4884,-139.0
4885,-95.0
4886,-110.0
4887,-104.0
4888,-147.0
4889,-164.0
4890,-138.0
4891,-139.0
4892,-104.0
4893,-148.0
4894,-139.0
4895,-159.0
4896,-87.0
4897,-148.0
4898,-90.0
4899,-134.0
4900,-148.0
4901,-136.0
4902,-150.0
4903,-147.0
4904,-136.0
4905,-135.0
4906,-137.0
4907,-104.0
4908,-96.0
4909,-146.0
4910,-148.0
4911,-104.0
4912,-104.0
4913,-138.0
4914,-138.0
4915,-178.0
4916,-100.0
4917,-104.0
4918,-106.0
4919,-163.0
4920,-139.0
4921,-104.0
4922,-104.0
4923,-131.0
4924,-105.0
4925,-104.0
4926,-91.0
4927,-134.0
4928,-105.0
4929,-106.0
4930,-135.0
4931,-136.0
4932,-184.0
4933,-110.0
4934,-104.0
4935,-97.0
4936,-133.0
4937,-132.0
4938,-105.0
4939,-144.0
4940,-135.0
4941,-135.0
4942,-104.0
4943,-135.0
4944,-101.0
4945,-104.0
4946,-137.0
4947,-104.0
4948,-142.0
4949,-200.0
4950,-104.0
4951,-107.0
4952,-105.0
4953,-136.0
4954,-147.0
4955,-106.0
4956,-107.0
4957,-135.0
4958,-134.0
4959,-104.0
4960,-134.0
4961,-134.0
4962,-135.0
4963,-132.0
4964,-105.0
4965,-133.0
4966,-134.0
4967,-105.0
4968,-143.0
4969,-104.0
4970,-105.0
4971,-135.0
4972,-107.0
4973,-136.0
4974,-144.0
4975,-106.0
4976,-136.0
4977,-133.0
4978,-104.0
4979,-143.0
4980,-135.0
4981,-111.0
4982,-135.0
4983,-107.0
4984,-148.0
4985,-134.0
4986,-139.0
4987,-141.0
4988,-143.0
4989,-112.0
4990,-105.0
4991,-135.0
4992,-137.0
4993,-160.0
4994,-106.0
4995,-140.0
4996,-137.0
4997,-147.0
4998,-159.0
4999,-136.0
